<?xml version='1.0' standalone='yes'?>
<productAdditionalComps>
  <dependsOn>
    <component>
      <name>3p/jre_win64</name>
      <instrset>0</instrset>
      <locale></locale>
      <platformList>
        <platform>win64</platform>
      </platformList>
      <version>1472767526</version>
    </component>
  </dependsOn>
  <isControllingProduct>false</isControllingProduct>
  <licenseAgreementType></licenseAgreementType>
  <platform>win64</platform>
  <productBaseCode></productBaseCode>
  <productName>Uninstaller</productName>
  <productNumber>-5</productNumber>
  <productVersion>17.0</productVersion>
  <releaseDescription>R2017a</releaseDescription>
  <releaseFamily>R2017a</releaseFamily>
</productAdditionalComps>
