<?xml version='1.0' standalone='yes'?>
<componentData>
  <component>
    <componentBaseName>license_manager_licenses</componentBaseName>
    <componentFileName>license_manager_licenses_common_1477428308.enc</componentFileName>
    <componentName>license_manager_licenses_common</componentName>
    <componentVersion>1477428308</componentVersion>
    <instrset>0</instrset>
    <locale></locale>
    <locationId>1</locationId>
    <numFiles>1</numFiles>
    <platformList>
      <platform>glnxa64</platform>
      <platform>maci64</platform>
      <platform>win64</platform>
    </platformList>
    <releaseFamily>R2017a</releaseFamily>
    <size>385</size>
    <type></type>
    <uncompressedBytes>497</uncompressedBytes>
  </component>
</componentData>
