<?xml version='1.0' standalone='yes'?>
<contents>
  <componentFiles>matlab_license_common_1487906854.enc</componentFiles>
  <componentFiles>3p/flexnet_common_1484848222.enc</componentFiles>
  <componentFiles>license_manager_licenses_common_1477428308.enc</componentFiles>
  <definitions>matlab_license_common_1487906854.xml</definitions>
  <definitions>3p/flexnet_common_1484848222.xml</definitions>
  <definitions>license_manager_licenses_common_1477428308.xml</definitions>
  <definitions>productdata_License_Manager1114_common.xml</definitions>
</contents>
