<?xml version='1.0' standalone='yes'?>
<componentData>
  <component>
    <componentBaseName>bin_utils</componentBaseName>
    <componentFileName>bin_utils_win64_1273537694.enc</componentFileName>
    <componentName>bin_utils_win64</componentName>
    <componentVersion>1273537694</componentVersion>
    <instrset>0</instrset>
    <locale></locale>
    <locationId>1</locationId>
    <numFiles>1</numFiles>
    <platformList>
      <platform>win64</platform>
    </platformList>
    <releaseFamily>R2017a</releaseFamily>
    <size>918</size>
    <type></type>
    <uncompressedBytes>1955</uncompressedBytes>
  </component>
</componentData>
