<?xml version='1.0' standalone='yes'?>
<componentData>
  <component>
    <componentBaseName>license_manager</componentBaseName>
    <componentFileName>license_manager_win64_1484851767.enc</componentFileName>
    <componentName>license_manager_win64</componentName>
    <componentVersion>1484851767</componentVersion>
    <instrset>0</instrset>
    <locale></locale>
    <locationId>1</locationId>
    <numFiles>1</numFiles>
    <platformList>
      <platform>win64</platform>
    </platformList>
    <releaseFamily>R2017a</releaseFamily>
    <size>751077</size>
    <type></type>
    <uncompressedBytes>2273792</uncompressedBytes>
  </component>
</componentData>
