<?xml version='1.0' standalone='yes'?>
<contents>
  <componentFiles>3p/flexnet_win64_1484850691.enc</componentFiles>
  <componentFiles>bin_utils_win64_1273537694.enc</componentFiles>
  <componentFiles>license_manager_win64_1484851767.enc</componentFiles>
  <definitions>3p/flexnet_win64_1484850691.xml</definitions>
  <definitions>bin_utils_win64_1273537694.xml</definitions>
  <definitions>license_manager_win64_1484851767.xml</definitions>
  <definitions>productdata_License_Manager1114_win64.xml</definitions>
</contents>
