<?xml version='1.0' standalone='yes'?>
<productAdditionalComps>
  <dependsOn>
    <component>
      <name>3p/flexnet_win64</name>
      <instrset>0</instrset>
      <locale></locale>
      <platformList>
        <platform>win64</platform>
      </platformList>
      <version>1484850691</version>
    </component>
    <component>
      <name>bin_utils_win64</name>
      <instrset>0</instrset>
      <locale></locale>
      <platformList>
        <platform>win64</platform>
      </platformList>
      <version>1273537694</version>
    </component>
    <component>
      <name>license_manager_win64</name>
      <instrset>0</instrset>
      <locale></locale>
      <platformList>
        <platform>win64</platform>
      </platformList>
      <version>1484851767</version>
    </component>
  </dependsOn>
  <isControllingProduct>false</isControllingProduct>
  <licenseAgreementType></licenseAgreementType>
  <platform>win64</platform>
  <productBaseCode></productBaseCode>
  <productName>License Manager</productName>
  <productNumber>0</productNumber>
  <productVersion>11.14</productVersion>
  <releaseDescription>R2017a</releaseDescription>
  <releaseFamily>R2017a</releaseFamily>
</productAdditionalComps>
