<?xml version='1.0' standalone='yes'?>
<productData>
  <altDependencies>
  </altDependencies>
  <dependsOn>
  </dependsOn>
  <installerUsage>
    <usage>install</usage>
  </installerUsage>
  <isControllingProduct>false</isControllingProduct>
  <licenseAgreementType></licenseAgreementType>
  <platformList>
    <platform>win64</platform>
  </platformList>
  <productBaseCode></productBaseCode>
  <productName>Uninstaller</productName>
  <productNumber>-5</productNumber>
  <productVersion>17.0</productVersion>
  <releaseDescription>R2017a</releaseDescription>
  <releaseFamily>R2017a</releaseFamily>
  <requiredProducts>
  </requiredProducts>
</productData>
