<?xml version='1.0' standalone='yes'?>
<componentManifest>
  <file>sys/java/jre/win64/jre/Welcome.html</file>
  <file>sys/java/jre/win64/jre/LICENSE</file>
  <file>sys/java/jre/win64/jre/release</file>
  <file>sys/java/jre/win64/jre/THIRDPARTYLICENSEREADME-JAVAFX.txt</file>
  <file>sys/java/jre/win64/jre/COPYRIGHT</file>
  <file>sys/java/jre/win64/jre/THIRDPARTYLICENSEREADME.txt</file>
  <file>sys/java/jre/win64/jre/README.txt</file>
  <file>sys/java/jre/win64/jre/bin/WindowsAccessBridge-64.dll</file>
  <file>sys/java/jre/win64/jre/bin/java.exe</file>
  <file>sys/java/jre/win64/jre/bin/javaws.exe</file>
  <file>sys/java/jre/win64/jre/bin/jp2iexp.dll</file>
  <file>sys/java/jre/win64/jre/bin/javacpl.cpl</file>
  <file>sys/java/jre/win64/jre/bin/jsound.dll</file>
  <file>sys/java/jre/win64/jre/bin/jaas_nt.dll</file>
  <file>sys/java/jre/win64/jre/bin/jp2native.dll</file>
  <file>sys/java/jre/win64/jre/bin/deploy.dll</file>
  <file>sys/java/jre/win64/jre/bin/jfr.dll</file>
  <file>sys/java/jre/win64/jre/bin/eula.dll</file>
  <file>sys/java/jre/win64/jre/bin/jfxmedia.dll</file>
  <file>sys/java/jre/win64/jre/bin/libxml2.dll</file>
  <file>sys/java/jre/win64/jre/bin/dt_socket.dll</file>
  <file>sys/java/jre/win64/jre/bin/java_crw_demo.dll</file>
  <file>sys/java/jre/win64/jre/bin/sunec.dll</file>
  <file>sys/java/jre/win64/jre/bin/jabswitch.exe</file>
  <file>sys/java/jre/win64/jre/bin/verify.dll</file>
  <file>sys/java/jre/win64/jre/bin/sunmscapi.dll</file>
  <file>sys/java/jre/win64/jre/bin/JdbcOdbc.dll</file>
  <file>sys/java/jre/win64/jre/bin/management.dll</file>
  <file>sys/java/jre/win64/jre/bin/jfxwebkit.dll</file>
  <file>sys/java/jre/win64/jre/bin/keytool.exe</file>
  <file>sys/java/jre/win64/jre/bin/tnameserv.exe</file>
  <file>sys/java/jre/win64/jre/bin/gstreamer-lite.dll</file>
  <file>sys/java/jre/win64/jre/bin/instrument.dll</file>
  <file>sys/java/jre/win64/jre/bin/npt.dll</file>
  <file>sys/java/jre/win64/jre/bin/JavaAccessBridge-64.dll</file>
  <file>sys/java/jre/win64/jre/bin/ssvagent.exe</file>
  <file>sys/java/jre/win64/jre/bin/nio.dll</file>
  <file>sys/java/jre/win64/jre/bin/rmid.exe</file>
  <file>sys/java/jre/win64/jre/bin/java-rmi.exe</file>
  <file>sys/java/jre/win64/jre/bin/kinit.exe</file>
  <file>sys/java/jre/win64/jre/bin/net.dll</file>
  <file>sys/java/jre/win64/jre/bin/javaw.exe</file>
  <file>sys/java/jre/win64/jre/bin/pack200.exe</file>
  <file>sys/java/jre/win64/jre/bin/glass.dll</file>
  <file>sys/java/jre/win64/jre/bin/jpeg.dll</file>
  <file>sys/java/jre/win64/jre/bin/splashscreen.dll</file>
  <file>sys/java/jre/win64/jre/bin/orbd.exe</file>
  <file>sys/java/jre/win64/jre/bin/awt.dll</file>
  <file>sys/java/jre/win64/jre/bin/java.dll</file>
  <file>sys/java/jre/win64/jre/bin/JAWTAccessBridge-64.dll</file>
  <file>sys/java/jre/win64/jre/bin/policytool.exe</file>
  <file>sys/java/jre/win64/jre/bin/j2pcsc.dll</file>
  <file>sys/java/jre/win64/jre/bin/klist.exe</file>
  <file>sys/java/jre/win64/jre/bin/zip.dll</file>
  <file>sys/java/jre/win64/jre/bin/jdwp.dll</file>
  <file>sys/java/jre/win64/jre/bin/dt_shmem.dll</file>
  <file>sys/java/jre/win64/jre/bin/libxslt.dll</file>
  <file>sys/java/jre/win64/jre/bin/installer.dll</file>
  <file>sys/java/jre/win64/jre/bin/dcpr.dll</file>
  <file>sys/java/jre/win64/jre/bin/unpack.dll</file>
  <file>sys/java/jre/win64/jre/bin/wsdetect.dll</file>
  <file>sys/java/jre/win64/jre/bin/servertool.exe</file>
  <file>sys/java/jre/win64/jre/bin/jp2ssv.dll</file>
  <file>sys/java/jre/win64/jre/bin/decora-sse.dll</file>
  <file>sys/java/jre/win64/jre/bin/javacpl.exe</file>
  <file>sys/java/jre/win64/jre/bin/jsdt.dll</file>
  <file>sys/java/jre/win64/jre/bin/kcms.dll</file>
  <file>sys/java/jre/win64/jre/bin/jsoundds.dll</file>
  <file>sys/java/jre/win64/jre/bin/w2k_lsa_auth.dll</file>
  <file>sys/java/jre/win64/jre/bin/prism-d3d.dll</file>
  <file>sys/java/jre/win64/jre/bin/glib-lite.dll</file>
  <file>sys/java/jre/win64/jre/bin/hprof.dll</file>
  <file>sys/java/jre/win64/jre/bin/mlib_image.dll</file>
  <file>sys/java/jre/win64/jre/bin/javafx-iio.dll</file>
  <file>sys/java/jre/win64/jre/bin/jp2launcher.exe</file>
  <file>sys/java/jre/win64/jre/bin/fxplugins.dll</file>
  <file>sys/java/jre/win64/jre/bin/ssv.dll</file>
  <file>sys/java/jre/win64/jre/bin/unpack200.exe</file>
  <file>sys/java/jre/win64/jre/bin/ktab.exe</file>
  <file>sys/java/jre/win64/jre/bin/jli.dll</file>
  <file>sys/java/jre/win64/jre/bin/jawt.dll</file>
  <file>sys/java/jre/win64/jre/bin/fontmanager.dll</file>
  <file>sys/java/jre/win64/jre/bin/javafx-font.dll</file>
  <file>sys/java/jre/win64/jre/bin/t2k.dll</file>
  <file>sys/java/jre/win64/jre/bin/msvcr100.dll</file>
  <file>sys/java/jre/win64/jre/bin/rmiregistry.exe</file>
  <file>sys/java/jre/win64/jre/bin/dtplugin/deployJava1.dll</file>
  <file>sys/java/jre/win64/jre/bin/dtplugin/npdeployJava1.dll</file>
  <file>sys/java/jre/win64/jre/bin/plugin2/npjp2.dll</file>
  <file>sys/java/jre/win64/jre/bin/plugin2/msvcr100.dll</file>
  <file>sys/java/jre/win64/jre/bin/server/jvm.dll</file>
  <file>sys/java/jre/win64/jre/bin/server/Xusage.txt</file>
  <file>sys/java/jre/win64/jre/lib/management-agent.jar</file>
  <file>sys/java/jre/win64/jre/lib/fontconfig.properties.src</file>
  <file>sys/java/jre/win64/jre/lib/resources.jar</file>
  <file>sys/java/jre/win64/jre/lib/javaws.jar</file>
  <file>sys/java/jre/win64/jre/lib/psfontj2d.properties</file>
  <file>sys/java/jre/win64/jre/lib/alt-rt.jar</file>
  <file>sys/java/jre/win64/jre/lib/fontconfig.bfc</file>
  <file>sys/java/jre/win64/jre/lib/classlist</file>
  <file>sys/java/jre/win64/jre/lib/net.properties</file>
  <file>sys/java/jre/win64/jre/lib/flavormap.properties</file>
  <file>sys/java/jre/win64/jre/lib/accessibility.properties</file>
  <file>sys/java/jre/win64/jre/lib/jfr.jar</file>
  <file>sys/java/jre/win64/jre/lib/content-types.properties</file>
  <file>sys/java/jre/win64/jre/lib/logging.properties</file>
  <file>sys/java/jre/win64/jre/lib/jfxrt.jar</file>
  <file>sys/java/jre/win64/jre/lib/plugin.jar</file>
  <file>sys/java/jre/win64/jre/lib/jce.jar</file>
  <file>sys/java/jre/win64/jre/lib/currency.data</file>
  <file>sys/java/jre/win64/jre/lib/rt.jar</file>
  <file>sys/java/jre/win64/jre/lib/jvm.hprof.txt</file>
  <file>sys/java/jre/win64/jre/lib/deploy.jar</file>
  <file>sys/java/jre/win64/jre/lib/sound.properties</file>
  <file>sys/java/jre/win64/jre/lib/jsse.jar</file>
  <file>sys/java/jre/win64/jre/lib/meta-index</file>
  <file>sys/java/jre/win64/jre/lib/charsets.jar</file>
  <file>sys/java/jre/win64/jre/lib/tzmappings</file>
  <file>sys/java/jre/win64/jre/lib/javafx.properties</file>
  <file>sys/java/jre/win64/jre/lib/calendars.properties</file>
  <file>sys/java/jre/win64/jre/lib/psfont.properties.ja</file>
  <file>sys/java/jre/win64/jre/lib/images/cursors/win32_MoveNoDrop32x32.gif</file>
  <file>sys/java/jre/win64/jre/lib/images/cursors/win32_LinkDrop32x32.gif</file>
  <file>sys/java/jre/win64/jre/lib/images/cursors/win32_MoveDrop32x32.gif</file>
  <file>sys/java/jre/win64/jre/lib/images/cursors/win32_CopyDrop32x32.gif</file>
  <file>sys/java/jre/win64/jre/lib/images/cursors/invalid32x32.gif</file>
  <file>sys/java/jre/win64/jre/lib/images/cursors/win32_CopyNoDrop32x32.gif</file>
  <file>sys/java/jre/win64/jre/lib/images/cursors/win32_LinkNoDrop32x32.gif</file>
  <file>sys/java/jre/win64/jre/lib/images/cursors/cursors.properties</file>
  <file>sys/java/jre/win64/jre/lib/cmm/PYCC.pf</file>
  <file>sys/java/jre/win64/jre/lib/cmm/CIEXYZ.pf</file>
  <file>sys/java/jre/win64/jre/lib/cmm/LINEAR_RGB.pf</file>
  <file>sys/java/jre/win64/jre/lib/cmm/sRGB.pf</file>
  <file>sys/java/jre/win64/jre/lib/cmm/GRAY.pf</file>
  <file>sys/java/jre/win64/jre/lib/jfr/default.jfc</file>
  <file>sys/java/jre/win64/jre/lib/jfr/profile.jfc</file>
  <file>sys/java/jre/win64/jre/lib/ext/sunjce_provider.jar</file>
  <file>sys/java/jre/win64/jre/lib/ext/meta-index</file>
  <file>sys/java/jre/win64/jre/lib/ext/zipfs.jar</file>
  <file>sys/java/jre/win64/jre/lib/ext/dnsns.jar</file>
  <file>sys/java/jre/win64/jre/lib/ext/access-bridge-64.jar</file>
  <file>sys/java/jre/win64/jre/lib/ext/sunec.jar</file>
  <file>sys/java/jre/win64/jre/lib/ext/sunmscapi.jar</file>
  <file>sys/java/jre/win64/jre/lib/ext/jaccess.jar</file>
  <file>sys/java/jre/win64/jre/lib/ext/localedata.jar</file>
  <file>sys/java/jre/win64/jre/lib/management/management.properties</file>
  <file>sys/java/jre/win64/jre/lib/management/snmp.acl.template</file>
  <file>sys/java/jre/win64/jre/lib/management/jmxremote.password.template</file>
  <file>sys/java/jre/win64/jre/lib/management/jmxremote.access</file>
  <file>sys/java/jre/win64/jre/lib/amd64/jvm.cfg</file>
  <file>sys/java/jre/win64/jre/lib/zi/EST</file>
  <file>sys/java/jre/win64/jre/lib/zi/CST6CDT</file>
  <file>sys/java/jre/win64/jre/lib/zi/MET</file>
  <file>sys/java/jre/win64/jre/lib/zi/GMT</file>
  <file>sys/java/jre/win64/jre/lib/zi/EST5EDT</file>
  <file>sys/java/jre/win64/jre/lib/zi/EET</file>
  <file>sys/java/jre/win64/jre/lib/zi/ZoneInfoMappings</file>
  <file>sys/java/jre/win64/jre/lib/zi/MST</file>
  <file>sys/java/jre/win64/jre/lib/zi/MST7MDT</file>
  <file>sys/java/jre/win64/jre/lib/zi/HST</file>
  <file>sys/java/jre/win64/jre/lib/zi/CET</file>
  <file>sys/java/jre/win64/jre/lib/zi/PST8PDT</file>
  <file>sys/java/jre/win64/jre/lib/zi/WET</file>
  <file>sys/java/jre/win64/jre/lib/zi/Atlantic/Cape_Verde</file>
  <file>sys/java/jre/win64/jre/lib/zi/Atlantic/Azores</file>
  <file>sys/java/jre/win64/jre/lib/zi/Atlantic/Reykjavik</file>
  <file>sys/java/jre/win64/jre/lib/zi/Atlantic/St_Helena</file>
  <file>sys/java/jre/win64/jre/lib/zi/Atlantic/Stanley</file>
  <file>sys/java/jre/win64/jre/lib/zi/Atlantic/Faroe</file>
  <file>sys/java/jre/win64/jre/lib/zi/Atlantic/Canary</file>
  <file>sys/java/jre/win64/jre/lib/zi/Atlantic/Madeira</file>
  <file>sys/java/jre/win64/jre/lib/zi/Atlantic/Bermuda</file>
  <file>sys/java/jre/win64/jre/lib/zi/Atlantic/South_Georgia</file>
  <file>sys/java/jre/win64/jre/lib/zi/Europe/Copenhagen</file>
  <file>sys/java/jre/win64/jre/lib/zi/Europe/Kiev</file>
  <file>sys/java/jre/win64/jre/lib/zi/Europe/Amsterdam</file>
  <file>sys/java/jre/win64/jre/lib/zi/Europe/Rome</file>
  <file>sys/java/jre/win64/jre/lib/zi/Europe/Simferopol</file>
  <file>sys/java/jre/win64/jre/lib/zi/Europe/Bucharest</file>
  <file>sys/java/jre/win64/jre/lib/zi/Europe/Kaliningrad</file>
  <file>sys/java/jre/win64/jre/lib/zi/Europe/Minsk</file>
  <file>sys/java/jre/win64/jre/lib/zi/Europe/Samara</file>
  <file>sys/java/jre/win64/jre/lib/zi/Europe/Chisinau</file>
  <file>sys/java/jre/win64/jre/lib/zi/Europe/Sofia</file>
  <file>sys/java/jre/win64/jre/lib/zi/Europe/Helsinki</file>
  <file>sys/java/jre/win64/jre/lib/zi/Europe/Athens</file>
  <file>sys/java/jre/win64/jre/lib/zi/Europe/Belgrade</file>
  <file>sys/java/jre/win64/jre/lib/zi/Europe/Volgograd</file>
  <file>sys/java/jre/win64/jre/lib/zi/Europe/Warsaw</file>
  <file>sys/java/jre/win64/jre/lib/zi/Europe/Luxembourg</file>
  <file>sys/java/jre/win64/jre/lib/zi/Europe/Moscow</file>
  <file>sys/java/jre/win64/jre/lib/zi/Europe/Zaporozhye</file>
  <file>sys/java/jre/win64/jre/lib/zi/Europe/Vilnius</file>
  <file>sys/java/jre/win64/jre/lib/zi/Europe/Riga</file>
  <file>sys/java/jre/win64/jre/lib/zi/Europe/London</file>
  <file>sys/java/jre/win64/jre/lib/zi/Europe/Brussels</file>
  <file>sys/java/jre/win64/jre/lib/zi/Europe/Lisbon</file>
  <file>sys/java/jre/win64/jre/lib/zi/Europe/Stockholm</file>
  <file>sys/java/jre/win64/jre/lib/zi/Europe/Zurich</file>
  <file>sys/java/jre/win64/jre/lib/zi/Europe/Malta</file>
  <file>sys/java/jre/win64/jre/lib/zi/Europe/Tallinn</file>
  <file>sys/java/jre/win64/jre/lib/zi/Europe/Dublin</file>
  <file>sys/java/jre/win64/jre/lib/zi/Europe/Andorra</file>
  <file>sys/java/jre/win64/jre/lib/zi/Europe/Gibraltar</file>
  <file>sys/java/jre/win64/jre/lib/zi/Europe/Prague</file>
  <file>sys/java/jre/win64/jre/lib/zi/Europe/Monaco</file>
  <file>sys/java/jre/win64/jre/lib/zi/Europe/Berlin</file>
  <file>sys/java/jre/win64/jre/lib/zi/Europe/Tirane</file>
  <file>sys/java/jre/win64/jre/lib/zi/Europe/Budapest</file>
  <file>sys/java/jre/win64/jre/lib/zi/Europe/Uzhgorod</file>
  <file>sys/java/jre/win64/jre/lib/zi/Europe/Vienna</file>
  <file>sys/java/jre/win64/jre/lib/zi/Europe/Oslo</file>
  <file>sys/java/jre/win64/jre/lib/zi/Europe/Paris</file>
  <file>sys/java/jre/win64/jre/lib/zi/Europe/Madrid</file>
  <file>sys/java/jre/win64/jre/lib/zi/Europe/Istanbul</file>
  <file>sys/java/jre/win64/jre/lib/zi/Asia/Dubai</file>
  <file>sys/java/jre/win64/jre/lib/zi/Asia/Dushanbe</file>
  <file>sys/java/jre/win64/jre/lib/zi/Asia/Colombo</file>
  <file>sys/java/jre/win64/jre/lib/zi/Asia/Nicosia</file>
  <file>sys/java/jre/win64/jre/lib/zi/Asia/Krasnoyarsk</file>
  <file>sys/java/jre/win64/jre/lib/zi/Asia/Aden</file>
  <file>sys/java/jre/win64/jre/lib/zi/Asia/Brunei</file>
  <file>sys/java/jre/win64/jre/lib/zi/Asia/Hovd</file>
  <file>sys/java/jre/win64/jre/lib/zi/Asia/Novokuznetsk</file>
  <file>sys/java/jre/win64/jre/lib/zi/Asia/Kuwait</file>
  <file>sys/java/jre/win64/jre/lib/zi/Asia/Bahrain</file>
  <file>sys/java/jre/win64/jre/lib/zi/Asia/Baghdad</file>
  <file>sys/java/jre/win64/jre/lib/zi/Asia/Taipei</file>
  <file>sys/java/jre/win64/jre/lib/zi/Asia/Phnom_Penh</file>
  <file>sys/java/jre/win64/jre/lib/zi/Asia/Tehran</file>
  <file>sys/java/jre/win64/jre/lib/zi/Asia/Manila</file>
  <file>sys/java/jre/win64/jre/lib/zi/Asia/Kolkata</file>
  <file>sys/java/jre/win64/jre/lib/zi/Asia/Beirut</file>
  <file>sys/java/jre/win64/jre/lib/zi/Asia/Kabul</file>
  <file>sys/java/jre/win64/jre/lib/zi/Asia/Pontianak</file>
  <file>sys/java/jre/win64/jre/lib/zi/Asia/Baku</file>
  <file>sys/java/jre/win64/jre/lib/zi/Asia/Rangoon</file>
  <file>sys/java/jre/win64/jre/lib/zi/Asia/Sakhalin</file>
  <file>sys/java/jre/win64/jre/lib/zi/Asia/Gaza</file>
  <file>sys/java/jre/win64/jre/lib/zi/Asia/Tashkent</file>
  <file>sys/java/jre/win64/jre/lib/zi/Asia/Kathmandu</file>
  <file>sys/java/jre/win64/jre/lib/zi/Asia/Urumqi</file>
  <file>sys/java/jre/win64/jre/lib/zi/Asia/Hong_Kong</file>
  <file>sys/java/jre/win64/jre/lib/zi/Asia/Riyadh88</file>
  <file>sys/java/jre/win64/jre/lib/zi/Asia/Seoul</file>
  <file>sys/java/jre/win64/jre/lib/zi/Asia/Yerevan</file>
  <file>sys/java/jre/win64/jre/lib/zi/Asia/Almaty</file>
  <file>sys/java/jre/win64/jre/lib/zi/Asia/Aqtau</file>
  <file>sys/java/jre/win64/jre/lib/zi/Asia/Kashgar</file>
  <file>sys/java/jre/win64/jre/lib/zi/Asia/Qyzylorda</file>
  <file>sys/java/jre/win64/jre/lib/zi/Asia/Omsk</file>
  <file>sys/java/jre/win64/jre/lib/zi/Asia/Ashgabat</file>
  <file>sys/java/jre/win64/jre/lib/zi/Asia/Hebron</file>
  <file>sys/java/jre/win64/jre/lib/zi/Asia/Damascus</file>
  <file>sys/java/jre/win64/jre/lib/zi/Asia/Novosibirsk</file>
  <file>sys/java/jre/win64/jre/lib/zi/Asia/Bishkek</file>
  <file>sys/java/jre/win64/jre/lib/zi/Asia/Harbin</file>
  <file>sys/java/jre/win64/jre/lib/zi/Asia/Makassar</file>
  <file>sys/java/jre/win64/jre/lib/zi/Asia/Vientiane</file>
  <file>sys/java/jre/win64/jre/lib/zi/Asia/Yekaterinburg</file>
  <file>sys/java/jre/win64/jre/lib/zi/Asia/Chongqing</file>
  <file>sys/java/jre/win64/jre/lib/zi/Asia/Dili</file>
  <file>sys/java/jre/win64/jre/lib/zi/Asia/Tbilisi</file>
  <file>sys/java/jre/win64/jre/lib/zi/Asia/Yakutsk</file>
  <file>sys/java/jre/win64/jre/lib/zi/Asia/Samarkand</file>
  <file>sys/java/jre/win64/jre/lib/zi/Asia/Riyadh87</file>
  <file>sys/java/jre/win64/jre/lib/zi/Asia/Magadan</file>
  <file>sys/java/jre/win64/jre/lib/zi/Asia/Anadyr</file>
  <file>sys/java/jre/win64/jre/lib/zi/Asia/Jerusalem</file>
  <file>sys/java/jre/win64/jre/lib/zi/Asia/Karachi</file>
  <file>sys/java/jre/win64/jre/lib/zi/Asia/Qatar</file>
  <file>sys/java/jre/win64/jre/lib/zi/Asia/Khandyga</file>
  <file>sys/java/jre/win64/jre/lib/zi/Asia/Kamchatka</file>
  <file>sys/java/jre/win64/jre/lib/zi/Asia/Dhaka</file>
  <file>sys/java/jre/win64/jre/lib/zi/Asia/Choibalsan</file>
  <file>sys/java/jre/win64/jre/lib/zi/Asia/Pyongyang</file>
  <file>sys/java/jre/win64/jre/lib/zi/Asia/Aqtobe</file>
  <file>sys/java/jre/win64/jre/lib/zi/Asia/Irkutsk</file>
  <file>sys/java/jre/win64/jre/lib/zi/Asia/Riyadh89</file>
  <file>sys/java/jre/win64/jre/lib/zi/Asia/Ho_Chi_Minh</file>
  <file>sys/java/jre/win64/jre/lib/zi/Asia/Oral</file>
  <file>sys/java/jre/win64/jre/lib/zi/Asia/Tokyo</file>
  <file>sys/java/jre/win64/jre/lib/zi/Asia/Shanghai</file>
  <file>sys/java/jre/win64/jre/lib/zi/Asia/Jakarta</file>
  <file>sys/java/jre/win64/jre/lib/zi/Asia/Singapore</file>
  <file>sys/java/jre/win64/jre/lib/zi/Asia/Ust-Nera</file>
  <file>sys/java/jre/win64/jre/lib/zi/Asia/Muscat</file>
  <file>sys/java/jre/win64/jre/lib/zi/Asia/Bangkok</file>
  <file>sys/java/jre/win64/jre/lib/zi/Asia/Kuala_Lumpur</file>
  <file>sys/java/jre/win64/jre/lib/zi/Asia/Thimphu</file>
  <file>sys/java/jre/win64/jre/lib/zi/Asia/Ulaanbaatar</file>
  <file>sys/java/jre/win64/jre/lib/zi/Asia/Vladivostok</file>
  <file>sys/java/jre/win64/jre/lib/zi/Asia/Amman</file>
  <file>sys/java/jre/win64/jre/lib/zi/Asia/Kuching</file>
  <file>sys/java/jre/win64/jre/lib/zi/Asia/Jayapura</file>
  <file>sys/java/jre/win64/jre/lib/zi/Asia/Macau</file>
  <file>sys/java/jre/win64/jre/lib/zi/Asia/Riyadh</file>
  <file>sys/java/jre/win64/jre/lib/zi/Africa/Ndjamena</file>
  <file>sys/java/jre/win64/jre/lib/zi/Africa/Casablanca</file>
  <file>sys/java/jre/win64/jre/lib/zi/Africa/Harare</file>
  <file>sys/java/jre/win64/jre/lib/zi/Africa/Kigali</file>
  <file>sys/java/jre/win64/jre/lib/zi/Africa/Dar_es_Salaam</file>
  <file>sys/java/jre/win64/jre/lib/zi/Africa/Maputo</file>
  <file>sys/java/jre/win64/jre/lib/zi/Africa/Bangui</file>
  <file>sys/java/jre/win64/jre/lib/zi/Africa/Bujumbura</file>
  <file>sys/java/jre/win64/jre/lib/zi/Africa/Djibouti</file>
  <file>sys/java/jre/win64/jre/lib/zi/Africa/Mogadishu</file>
  <file>sys/java/jre/win64/jre/lib/zi/Africa/Accra</file>
  <file>sys/java/jre/win64/jre/lib/zi/Africa/Lagos</file>
  <file>sys/java/jre/win64/jre/lib/zi/Africa/Ouagadougou</file>
  <file>sys/java/jre/win64/jre/lib/zi/Africa/Lusaka</file>
  <file>sys/java/jre/win64/jre/lib/zi/Africa/Tripoli</file>
  <file>sys/java/jre/win64/jre/lib/zi/Africa/Dakar</file>
  <file>sys/java/jre/win64/jre/lib/zi/Africa/Douala</file>
  <file>sys/java/jre/win64/jre/lib/zi/Africa/Algiers</file>
  <file>sys/java/jre/win64/jre/lib/zi/Africa/Porto-Novo</file>
  <file>sys/java/jre/win64/jre/lib/zi/Africa/Gaborone</file>
  <file>sys/java/jre/win64/jre/lib/zi/Africa/Lome</file>
  <file>sys/java/jre/win64/jre/lib/zi/Africa/Abidjan</file>
  <file>sys/java/jre/win64/jre/lib/zi/Africa/Bamako</file>
  <file>sys/java/jre/win64/jre/lib/zi/Africa/Nouakchott</file>
  <file>sys/java/jre/win64/jre/lib/zi/Africa/Brazzaville</file>
  <file>sys/java/jre/win64/jre/lib/zi/Africa/Banjul</file>
  <file>sys/java/jre/win64/jre/lib/zi/Africa/Niamey</file>
  <file>sys/java/jre/win64/jre/lib/zi/Africa/Kinshasa</file>
  <file>sys/java/jre/win64/jre/lib/zi/Africa/Ceuta</file>
  <file>sys/java/jre/win64/jre/lib/zi/Africa/Lubumbashi</file>
  <file>sys/java/jre/win64/jre/lib/zi/Africa/Nairobi</file>
  <file>sys/java/jre/win64/jre/lib/zi/Africa/Sao_Tome</file>
  <file>sys/java/jre/win64/jre/lib/zi/Africa/El_Aaiun</file>
  <file>sys/java/jre/win64/jre/lib/zi/Africa/Malabo</file>
  <file>sys/java/jre/win64/jre/lib/zi/Africa/Cairo</file>
  <file>sys/java/jre/win64/jre/lib/zi/Africa/Khartoum</file>
  <file>sys/java/jre/win64/jre/lib/zi/Africa/Freetown</file>
  <file>sys/java/jre/win64/jre/lib/zi/Africa/Kampala</file>
  <file>sys/java/jre/win64/jre/lib/zi/Africa/Bissau</file>
  <file>sys/java/jre/win64/jre/lib/zi/Africa/Libreville</file>
  <file>sys/java/jre/win64/jre/lib/zi/Africa/Conakry</file>
  <file>sys/java/jre/win64/jre/lib/zi/Africa/Tunis</file>
  <file>sys/java/jre/win64/jre/lib/zi/Africa/Luanda</file>
  <file>sys/java/jre/win64/jre/lib/zi/Africa/Asmara</file>
  <file>sys/java/jre/win64/jre/lib/zi/Africa/Mbabane</file>
  <file>sys/java/jre/win64/jre/lib/zi/Africa/Addis_Ababa</file>
  <file>sys/java/jre/win64/jre/lib/zi/Africa/Monrovia</file>
  <file>sys/java/jre/win64/jre/lib/zi/Africa/Johannesburg</file>
  <file>sys/java/jre/win64/jre/lib/zi/Africa/Maseru</file>
  <file>sys/java/jre/win64/jre/lib/zi/Africa/Blantyre</file>
  <file>sys/java/jre/win64/jre/lib/zi/Africa/Windhoek</file>
  <file>sys/java/jre/win64/jre/lib/zi/Indian/Mahe</file>
  <file>sys/java/jre/win64/jre/lib/zi/Indian/Reunion</file>
  <file>sys/java/jre/win64/jre/lib/zi/Indian/Christmas</file>
  <file>sys/java/jre/win64/jre/lib/zi/Indian/Maldives</file>
  <file>sys/java/jre/win64/jre/lib/zi/Indian/Antananarivo</file>
  <file>sys/java/jre/win64/jre/lib/zi/Indian/Comoro</file>
  <file>sys/java/jre/win64/jre/lib/zi/Indian/Kerguelen</file>
  <file>sys/java/jre/win64/jre/lib/zi/Indian/Mayotte</file>
  <file>sys/java/jre/win64/jre/lib/zi/Indian/Mauritius</file>
  <file>sys/java/jre/win64/jre/lib/zi/Indian/Cocos</file>
  <file>sys/java/jre/win64/jre/lib/zi/Indian/Chagos</file>
  <file>sys/java/jre/win64/jre/lib/zi/Pacific/Chuuk</file>
  <file>sys/java/jre/win64/jre/lib/zi/Pacific/Niue</file>
  <file>sys/java/jre/win64/jre/lib/zi/Pacific/Enderbury</file>
  <file>sys/java/jre/win64/jre/lib/zi/Pacific/Pohnpei</file>
  <file>sys/java/jre/win64/jre/lib/zi/Pacific/Midway</file>
  <file>sys/java/jre/win64/jre/lib/zi/Pacific/Rarotonga</file>
  <file>sys/java/jre/win64/jre/lib/zi/Pacific/Nauru</file>
  <file>sys/java/jre/win64/jre/lib/zi/Pacific/Port_Moresby</file>
  <file>sys/java/jre/win64/jre/lib/zi/Pacific/Noumea</file>
  <file>sys/java/jre/win64/jre/lib/zi/Pacific/Tahiti</file>
  <file>sys/java/jre/win64/jre/lib/zi/Pacific/Marquesas</file>
  <file>sys/java/jre/win64/jre/lib/zi/Pacific/Honolulu</file>
  <file>sys/java/jre/win64/jre/lib/zi/Pacific/Easter</file>
  <file>sys/java/jre/win64/jre/lib/zi/Pacific/Fiji</file>
  <file>sys/java/jre/win64/jre/lib/zi/Pacific/Pago_Pago</file>
  <file>sys/java/jre/win64/jre/lib/zi/Pacific/Wake</file>
  <file>sys/java/jre/win64/jre/lib/zi/Pacific/Fakaofo</file>
  <file>sys/java/jre/win64/jre/lib/zi/Pacific/Saipan</file>
  <file>sys/java/jre/win64/jre/lib/zi/Pacific/Guam</file>
  <file>sys/java/jre/win64/jre/lib/zi/Pacific/Auckland</file>
  <file>sys/java/jre/win64/jre/lib/zi/Pacific/Kwajalein</file>
  <file>sys/java/jre/win64/jre/lib/zi/Pacific/Apia</file>
  <file>sys/java/jre/win64/jre/lib/zi/Pacific/Kosrae</file>
  <file>sys/java/jre/win64/jre/lib/zi/Pacific/Majuro</file>
  <file>sys/java/jre/win64/jre/lib/zi/Pacific/Tarawa</file>
  <file>sys/java/jre/win64/jre/lib/zi/Pacific/Chatham</file>
  <file>sys/java/jre/win64/jre/lib/zi/Pacific/Guadalcanal</file>
  <file>sys/java/jre/win64/jre/lib/zi/Pacific/Kiritimati</file>
  <file>sys/java/jre/win64/jre/lib/zi/Pacific/Palau</file>
  <file>sys/java/jre/win64/jre/lib/zi/Pacific/Norfolk</file>
  <file>sys/java/jre/win64/jre/lib/zi/Pacific/Pitcairn</file>
  <file>sys/java/jre/win64/jre/lib/zi/Pacific/Galapagos</file>
  <file>sys/java/jre/win64/jre/lib/zi/Pacific/Gambier</file>
  <file>sys/java/jre/win64/jre/lib/zi/Pacific/Wallis</file>
  <file>sys/java/jre/win64/jre/lib/zi/Pacific/Funafuti</file>
  <file>sys/java/jre/win64/jre/lib/zi/Pacific/Tongatapu</file>
  <file>sys/java/jre/win64/jre/lib/zi/Pacific/Efate</file>
  <file>sys/java/jre/win64/jre/lib/zi/Australia/Brisbane</file>
  <file>sys/java/jre/win64/jre/lib/zi/Australia/Lord_Howe</file>
  <file>sys/java/jre/win64/jre/lib/zi/Australia/Hobart</file>
  <file>sys/java/jre/win64/jre/lib/zi/Australia/Currie</file>
  <file>sys/java/jre/win64/jre/lib/zi/Australia/Eucla</file>
  <file>sys/java/jre/win64/jre/lib/zi/Australia/Broken_Hill</file>
  <file>sys/java/jre/win64/jre/lib/zi/Australia/Adelaide</file>
  <file>sys/java/jre/win64/jre/lib/zi/Australia/Sydney</file>
  <file>sys/java/jre/win64/jre/lib/zi/Australia/Darwin</file>
  <file>sys/java/jre/win64/jre/lib/zi/Australia/Melbourne</file>
  <file>sys/java/jre/win64/jre/lib/zi/Australia/Lindeman</file>
  <file>sys/java/jre/win64/jre/lib/zi/Australia/Perth</file>
  <file>sys/java/jre/win64/jre/lib/zi/America/Montevideo</file>
  <file>sys/java/jre/win64/jre/lib/zi/America/Panama</file>
  <file>sys/java/jre/win64/jre/lib/zi/America/Glace_Bay</file>
  <file>sys/java/jre/win64/jre/lib/zi/America/Sao_Paulo</file>
  <file>sys/java/jre/win64/jre/lib/zi/America/Chicago</file>
  <file>sys/java/jre/win64/jre/lib/zi/America/Phoenix</file>
  <file>sys/java/jre/win64/jre/lib/zi/America/Belem</file>
  <file>sys/java/jre/win64/jre/lib/zi/America/Yakutat</file>
  <file>sys/java/jre/win64/jre/lib/zi/America/Merida</file>
  <file>sys/java/jre/win64/jre/lib/zi/America/Nipigon</file>
  <file>sys/java/jre/win64/jre/lib/zi/America/Nassau</file>
  <file>sys/java/jre/win64/jre/lib/zi/America/Havana</file>
  <file>sys/java/jre/win64/jre/lib/zi/America/Matamoros</file>
  <file>sys/java/jre/win64/jre/lib/zi/America/Danmarkshavn</file>
  <file>sys/java/jre/win64/jre/lib/zi/America/Bahia_Banderas</file>
  <file>sys/java/jre/win64/jre/lib/zi/America/Campo_Grande</file>
  <file>sys/java/jre/win64/jre/lib/zi/America/Sitka</file>
  <file>sys/java/jre/win64/jre/lib/zi/America/Eirunepe</file>
  <file>sys/java/jre/win64/jre/lib/zi/America/Resolute</file>
  <file>sys/java/jre/win64/jre/lib/zi/America/Cayenne</file>
  <file>sys/java/jre/win64/jre/lib/zi/America/Miquelon</file>
  <file>sys/java/jre/win64/jre/lib/zi/America/Whitehorse</file>
  <file>sys/java/jre/win64/jre/lib/zi/America/Dawson</file>
  <file>sys/java/jre/win64/jre/lib/zi/America/Curacao</file>
  <file>sys/java/jre/win64/jre/lib/zi/America/Anchorage</file>
  <file>sys/java/jre/win64/jre/lib/zi/America/Ojinaga</file>
  <file>sys/java/jre/win64/jre/lib/zi/America/Asuncion</file>
  <file>sys/java/jre/win64/jre/lib/zi/America/Martinique</file>
  <file>sys/java/jre/win64/jre/lib/zi/America/Belize</file>
  <file>sys/java/jre/win64/jre/lib/zi/America/Regina</file>
  <file>sys/java/jre/win64/jre/lib/zi/America/Moncton</file>
  <file>sys/java/jre/win64/jre/lib/zi/America/Toronto</file>
  <file>sys/java/jre/win64/jre/lib/zi/America/Scoresbysund</file>
  <file>sys/java/jre/win64/jre/lib/zi/America/Managua</file>
  <file>sys/java/jre/win64/jre/lib/zi/America/Lima</file>
  <file>sys/java/jre/win64/jre/lib/zi/America/Thule</file>
  <file>sys/java/jre/win64/jre/lib/zi/America/Port_of_Spain</file>
  <file>sys/java/jre/win64/jre/lib/zi/America/Guyana</file>
  <file>sys/java/jre/win64/jre/lib/zi/America/New_York</file>
  <file>sys/java/jre/win64/jre/lib/zi/America/Port-au-Prince</file>
  <file>sys/java/jre/win64/jre/lib/zi/America/Fortaleza</file>
  <file>sys/java/jre/win64/jre/lib/zi/America/Rainy_River</file>
  <file>sys/java/jre/win64/jre/lib/zi/America/Mazatlan</file>
  <file>sys/java/jre/win64/jre/lib/zi/America/Dawson_Creek</file>
  <file>sys/java/jre/win64/jre/lib/zi/America/Recife</file>
  <file>sys/java/jre/win64/jre/lib/zi/America/Swift_Current</file>
  <file>sys/java/jre/win64/jre/lib/zi/America/Halifax</file>
  <file>sys/java/jre/win64/jre/lib/zi/America/Inuvik</file>
  <file>sys/java/jre/win64/jre/lib/zi/America/Rio_Branco</file>
  <file>sys/java/jre/win64/jre/lib/zi/America/Cayman</file>
  <file>sys/java/jre/win64/jre/lib/zi/America/La_Paz</file>
  <file>sys/java/jre/win64/jre/lib/zi/America/Cancun</file>
  <file>sys/java/jre/win64/jre/lib/zi/America/El_Salvador</file>
  <file>sys/java/jre/win64/jre/lib/zi/America/Guayaquil</file>
  <file>sys/java/jre/win64/jre/lib/zi/America/Cambridge_Bay</file>
  <file>sys/java/jre/win64/jre/lib/zi/America/Mexico_City</file>
  <file>sys/java/jre/win64/jre/lib/zi/America/Hermosillo</file>
  <file>sys/java/jre/win64/jre/lib/zi/America/Antigua</file>
  <file>sys/java/jre/win64/jre/lib/zi/America/Caracas</file>
  <file>sys/java/jre/win64/jre/lib/zi/America/Santo_Domingo</file>
  <file>sys/java/jre/win64/jre/lib/zi/America/Porto_Velho</file>
  <file>sys/java/jre/win64/jre/lib/zi/America/Thunder_Bay</file>
  <file>sys/java/jre/win64/jre/lib/zi/America/Costa_Rica</file>
  <file>sys/java/jre/win64/jre/lib/zi/America/Los_Angeles</file>
  <file>sys/java/jre/win64/jre/lib/zi/America/Monterrey</file>
  <file>sys/java/jre/win64/jre/lib/zi/America/Menominee</file>
  <file>sys/java/jre/win64/jre/lib/zi/America/Nome</file>
  <file>sys/java/jre/win64/jre/lib/zi/America/St_Johns</file>
  <file>sys/java/jre/win64/jre/lib/zi/America/Guatemala</file>
  <file>sys/java/jre/win64/jre/lib/zi/America/Metlakatla</file>
  <file>sys/java/jre/win64/jre/lib/zi/America/Noronha</file>
  <file>sys/java/jre/win64/jre/lib/zi/America/Atikokan</file>
  <file>sys/java/jre/win64/jre/lib/zi/America/Boa_Vista</file>
  <file>sys/java/jre/win64/jre/lib/zi/America/Boise</file>
  <file>sys/java/jre/win64/jre/lib/zi/America/Iqaluit</file>
  <file>sys/java/jre/win64/jre/lib/zi/America/Montreal</file>
  <file>sys/java/jre/win64/jre/lib/zi/America/Tegucigalpa</file>
  <file>sys/java/jre/win64/jre/lib/zi/America/Manaus</file>
  <file>sys/java/jre/win64/jre/lib/zi/America/Adak</file>
  <file>sys/java/jre/win64/jre/lib/zi/America/Puerto_Rico</file>
  <file>sys/java/jre/win64/jre/lib/zi/America/Godthab</file>
  <file>sys/java/jre/win64/jre/lib/zi/America/Tijuana</file>
  <file>sys/java/jre/win64/jre/lib/zi/America/Cuiaba</file>
  <file>sys/java/jre/win64/jre/lib/zi/America/Yellowknife</file>
  <file>sys/java/jre/win64/jre/lib/zi/America/Maceio</file>
  <file>sys/java/jre/win64/jre/lib/zi/America/Santarem</file>
  <file>sys/java/jre/win64/jre/lib/zi/America/Barbados</file>
  <file>sys/java/jre/win64/jre/lib/zi/America/Vancouver</file>
  <file>sys/java/jre/win64/jre/lib/zi/America/Winnipeg</file>
  <file>sys/java/jre/win64/jre/lib/zi/America/Chihuahua</file>
  <file>sys/java/jre/win64/jre/lib/zi/America/Juneau</file>
  <file>sys/java/jre/win64/jre/lib/zi/America/Bahia</file>
  <file>sys/java/jre/win64/jre/lib/zi/America/Edmonton</file>
  <file>sys/java/jre/win64/jre/lib/zi/America/Blanc-Sablon</file>
  <file>sys/java/jre/win64/jre/lib/zi/America/Denver</file>
  <file>sys/java/jre/win64/jre/lib/zi/America/Goose_Bay</file>
  <file>sys/java/jre/win64/jre/lib/zi/America/Bogota</file>
  <file>sys/java/jre/win64/jre/lib/zi/America/Paramaribo</file>
  <file>sys/java/jre/win64/jre/lib/zi/America/Grand_Turk</file>
  <file>sys/java/jre/win64/jre/lib/zi/America/Santa_Isabel</file>
  <file>sys/java/jre/win64/jre/lib/zi/America/Santiago</file>
  <file>sys/java/jre/win64/jre/lib/zi/America/Pangnirtung</file>
  <file>sys/java/jre/win64/jre/lib/zi/America/Araguaina</file>
  <file>sys/java/jre/win64/jre/lib/zi/America/Jamaica</file>
  <file>sys/java/jre/win64/jre/lib/zi/America/Detroit</file>
  <file>sys/java/jre/win64/jre/lib/zi/America/Rankin_Inlet</file>
  <file>sys/java/jre/win64/jre/lib/zi/America/Creston</file>
  <file>sys/java/jre/win64/jre/lib/zi/America/Indiana/Knox</file>
  <file>sys/java/jre/win64/jre/lib/zi/America/Indiana/Marengo</file>
  <file>sys/java/jre/win64/jre/lib/zi/America/Indiana/Vevay</file>
  <file>sys/java/jre/win64/jre/lib/zi/America/Indiana/Vincennes</file>
  <file>sys/java/jre/win64/jre/lib/zi/America/Indiana/Petersburg</file>
  <file>sys/java/jre/win64/jre/lib/zi/America/Indiana/Winamac</file>
  <file>sys/java/jre/win64/jre/lib/zi/America/Indiana/Indianapolis</file>
  <file>sys/java/jre/win64/jre/lib/zi/America/Indiana/Tell_City</file>
  <file>sys/java/jre/win64/jre/lib/zi/America/North_Dakota/Center</file>
  <file>sys/java/jre/win64/jre/lib/zi/America/North_Dakota/New_Salem</file>
  <file>sys/java/jre/win64/jre/lib/zi/America/North_Dakota/Beulah</file>
  <file>sys/java/jre/win64/jre/lib/zi/America/Argentina/Salta</file>
  <file>sys/java/jre/win64/jre/lib/zi/America/Argentina/Buenos_Aires</file>
  <file>sys/java/jre/win64/jre/lib/zi/America/Argentina/Catamarca</file>
  <file>sys/java/jre/win64/jre/lib/zi/America/Argentina/La_Rioja</file>
  <file>sys/java/jre/win64/jre/lib/zi/America/Argentina/Rio_Gallegos</file>
  <file>sys/java/jre/win64/jre/lib/zi/America/Argentina/Mendoza</file>
  <file>sys/java/jre/win64/jre/lib/zi/America/Argentina/Ushuaia</file>
  <file>sys/java/jre/win64/jre/lib/zi/America/Argentina/Tucuman</file>
  <file>sys/java/jre/win64/jre/lib/zi/America/Argentina/Jujuy</file>
  <file>sys/java/jre/win64/jre/lib/zi/America/Argentina/San_Luis</file>
  <file>sys/java/jre/win64/jre/lib/zi/America/Argentina/Cordoba</file>
  <file>sys/java/jre/win64/jre/lib/zi/America/Argentina/San_Juan</file>
  <file>sys/java/jre/win64/jre/lib/zi/America/Kentucky/Louisville</file>
  <file>sys/java/jre/win64/jre/lib/zi/America/Kentucky/Monticello</file>
  <file>sys/java/jre/win64/jre/lib/zi/Etc/GMT+4</file>
  <file>sys/java/jre/win64/jre/lib/zi/Etc/GMT</file>
  <file>sys/java/jre/win64/jre/lib/zi/Etc/GMT-11</file>
  <file>sys/java/jre/win64/jre/lib/zi/Etc/GMT+10</file>
  <file>sys/java/jre/win64/jre/lib/zi/Etc/GMT-7</file>
  <file>sys/java/jre/win64/jre/lib/zi/Etc/GMT+3</file>
  <file>sys/java/jre/win64/jre/lib/zi/Etc/GMT+9</file>
  <file>sys/java/jre/win64/jre/lib/zi/Etc/GMT+7</file>
  <file>sys/java/jre/win64/jre/lib/zi/Etc/GMT-12</file>
  <file>sys/java/jre/win64/jre/lib/zi/Etc/GMT-3</file>
  <file>sys/java/jre/win64/jre/lib/zi/Etc/GMT-9</file>
  <file>sys/java/jre/win64/jre/lib/zi/Etc/GMT-4</file>
  <file>sys/java/jre/win64/jre/lib/zi/Etc/GMT+8</file>
  <file>sys/java/jre/win64/jre/lib/zi/Etc/GMT+2</file>
  <file>sys/java/jre/win64/jre/lib/zi/Etc/GMT+11</file>
  <file>sys/java/jre/win64/jre/lib/zi/Etc/GMT-6</file>
  <file>sys/java/jre/win64/jre/lib/zi/Etc/UTC</file>
  <file>sys/java/jre/win64/jre/lib/zi/Etc/GMT-10</file>
  <file>sys/java/jre/win64/jre/lib/zi/Etc/GMT-1</file>
  <file>sys/java/jre/win64/jre/lib/zi/Etc/GMT+5</file>
  <file>sys/java/jre/win64/jre/lib/zi/Etc/GMT+1</file>
  <file>sys/java/jre/win64/jre/lib/zi/Etc/UCT</file>
  <file>sys/java/jre/win64/jre/lib/zi/Etc/GMT-5</file>
  <file>sys/java/jre/win64/jre/lib/zi/Etc/GMT+12</file>
  <file>sys/java/jre/win64/jre/lib/zi/Etc/GMT-14</file>
  <file>sys/java/jre/win64/jre/lib/zi/Etc/GMT-13</file>
  <file>sys/java/jre/win64/jre/lib/zi/Etc/GMT-8</file>
  <file>sys/java/jre/win64/jre/lib/zi/Etc/GMT-2</file>
  <file>sys/java/jre/win64/jre/lib/zi/Etc/GMT+6</file>
  <file>sys/java/jre/win64/jre/lib/zi/SystemV/PST8PDT</file>
  <file>sys/java/jre/win64/jre/lib/zi/SystemV/AST4</file>
  <file>sys/java/jre/win64/jre/lib/zi/SystemV/HST10</file>
  <file>sys/java/jre/win64/jre/lib/zi/SystemV/MST7MDT</file>
  <file>sys/java/jre/win64/jre/lib/zi/SystemV/EST5EDT</file>
  <file>sys/java/jre/win64/jre/lib/zi/SystemV/YST9</file>
  <file>sys/java/jre/win64/jre/lib/zi/SystemV/AST4ADT</file>
  <file>sys/java/jre/win64/jre/lib/zi/SystemV/CST6CDT</file>
  <file>sys/java/jre/win64/jre/lib/zi/SystemV/YST9YDT</file>
  <file>sys/java/jre/win64/jre/lib/zi/SystemV/MST7</file>
  <file>sys/java/jre/win64/jre/lib/zi/SystemV/PST8</file>
  <file>sys/java/jre/win64/jre/lib/zi/SystemV/EST5</file>
  <file>sys/java/jre/win64/jre/lib/zi/SystemV/CST6</file>
  <file>sys/java/jre/win64/jre/lib/zi/Antarctica/Troll</file>
  <file>sys/java/jre/win64/jre/lib/zi/Antarctica/DumontDUrville</file>
  <file>sys/java/jre/win64/jre/lib/zi/Antarctica/Syowa</file>
  <file>sys/java/jre/win64/jre/lib/zi/Antarctica/Mawson</file>
  <file>sys/java/jre/win64/jre/lib/zi/Antarctica/Davis</file>
  <file>sys/java/jre/win64/jre/lib/zi/Antarctica/Casey</file>
  <file>sys/java/jre/win64/jre/lib/zi/Antarctica/Vostok</file>
  <file>sys/java/jre/win64/jre/lib/zi/Antarctica/Palmer</file>
  <file>sys/java/jre/win64/jre/lib/zi/Antarctica/Macquarie</file>
  <file>sys/java/jre/win64/jre/lib/zi/Antarctica/Rothera</file>
  <file>sys/java/jre/win64/jre/lib/security/javaws.policy</file>
  <file>sys/java/jre/win64/jre/lib/security/javafx.policy</file>
  <file>sys/java/jre/win64/jre/lib/security/trusted.libraries</file>
  <file>sys/java/jre/win64/jre/lib/security/java.security</file>
  <file>sys/java/jre/win64/jre/lib/security/java.policy</file>
  <file>sys/java/jre/win64/jre/lib/security/US_export_policy.jar</file>
  <file>sys/java/jre/win64/jre/lib/security/cacerts</file>
  <file>sys/java/jre/win64/jre/lib/security/blacklist</file>
  <file>sys/java/jre/win64/jre/lib/security/local_policy.jar</file>
  <file>sys/java/jre/win64/jre/lib/deploy/messages_zh_CN.properties</file>
  <file>sys/java/jre/win64/jre/lib/deploy/splash.gif</file>
  <file>sys/java/jre/win64/jre/lib/deploy/messages_zh_HK.properties</file>
  <file>sys/java/jre/win64/jre/lib/deploy/messages.properties</file>
  <file>sys/java/jre/win64/jre/lib/deploy/messages_fr.properties</file>
  <file>sys/java/jre/win64/jre/lib/deploy/messages_ko.properties</file>
  <file>sys/java/jre/win64/jre/lib/deploy/messages_es.properties</file>
  <file>sys/java/jre/win64/jre/lib/deploy/messages_pt_BR.properties</file>
  <file>sys/java/jre/win64/jre/lib/deploy/messages_de.properties</file>
  <file>sys/java/jre/win64/jre/lib/deploy/messages_sv.properties</file>
  <file>sys/java/jre/win64/jre/lib/deploy/ffjcext.zip</file>
  <file>sys/java/jre/win64/jre/lib/deploy/messages_it.properties</file>
  <file>sys/java/jre/win64/jre/lib/deploy/messages_zh_TW.properties</file>
  <file>sys/java/jre/win64/jre/lib/deploy/messages_ja.properties</file>
  <file>sys/java/jre/win64/jre/lib/fonts/LucidaBrightItalic.ttf</file>
  <file>sys/java/jre/win64/jre/lib/fonts/LucidaBrightDemiItalic.ttf</file>
  <file>sys/java/jre/win64/jre/lib/fonts/LucidaSansDemiBold.ttf</file>
  <file>sys/java/jre/win64/jre/lib/fonts/LucidaTypewriterRegular.ttf</file>
  <file>sys/java/jre/win64/jre/lib/fonts/LucidaSansRegular.ttf</file>
  <file>sys/java/jre/win64/jre/lib/fonts/LucidaTypewriterBold.ttf</file>
  <file>sys/java/jre/win64/jre/lib/fonts/LucidaBrightRegular.ttf</file>
  <file>sys/java/jre/win64/jre/lib/fonts/LucidaBrightDemiBold.ttf</file>
</componentManifest>
