<?xml version='1.0' standalone='yes'?>
<componentData>
  <component>
    <componentBaseName>3p/flexnet</componentBaseName>
    <componentFileName>3p/flexnet_win64_1484850691.enc</componentFileName>
    <componentName>3p/flexnet_win64</componentName>
    <componentVersion>1484850691</componentVersion>
    <instrset>0</instrset>
    <locale></locale>
    <locationId>1</locationId>
    <numFiles>4</numFiles>
    <platformList>
      <platform>win64</platform>
    </platformList>
    <releaseFamily>R2017a</releaseFamily>
    <size>2739895</size>
    <type></type>
    <uncompressedBytes>8405528</uncompressedBytes>
  </component>
</componentData>
